response_id,survey_id,timestamp,gender,age,ethnicity,department,role,years_experience
1,1,2023-01-15 09:00:00,Female,28,Asian,Engineering,Software Engineer,3
2,1,2023-01-15 10:30:00,Male,35,White,Sales,Sales Manager,8
3,1,2023-01-16 11:15:00,Non-binary,31,Hispanic or Latino,Marketing,Content Strategist,5
4,1,2023-01-16 14:20:00,Female,42,Black or African American,Human Resources,HR Director,15
5,1,2023-01-17 16:45:00,Male,29,Asian,Engineering,DevOps Engineer,4
6,2,2023-03-20 08:30:00,Female,33,White,Finance,Financial Analyst,7
7,2,2023-03-20 09:45:00,Male,45,Black or African American,Operations,Operations Manager,18
8,2,2023-03-21 11:00:00,Female,27,Hispanic or Latino,Marketing,Marketing Coordinator,2
9,2,2023-03-22 13:15:00,Male,38,Asian,Engineering,Senior Developer,10
10,2,2023-03-23 15:30:00,Non-binary,29,White,Sales,Account Executive,4
11,3,2023-06-05 10:00:00,Female,36,Pacific Islander,Human Resources,HR Specialist,9
12,3,2023-06-05 11:30:00,Male,41,White,Engineering,Technical Lead,12
13,3,2023-06-06 14:00:00,Female,32,Asian,Finance,Senior Accountant,6
14,3,2023-06-07 09:15:00,Male,44,Black or African American,Operations,Team Lead,16
15,3,2023-06-08 16:45:00,Female,30,Hispanic or Latino,Marketing,Digital Marketing Manager,5
16,1,2025-02-25 11:59:12,Female,30,Asian,Engineering,,5
17,1,2025-02-25 12:02:44,Female,30,Asian,Engineering,system engineer,5
